,scores,Manual ,,
this is me I fucking hate getting shots I fainted getting my HPV vaccine,-0.133413315,0,,
no I ll wear protection stupid whore yo gave me hpv,-0.258346319,0,,0: negative
RT - BigPharma is suppressing the cures for cancer - But HPV vaccine prevents cancer - Vaccines are bad because BigPha,-0.107094683,0,,1: netural
if u don t have HPV you re a fucking loser,0.031956583,0,,2: positive
was like my Sponsor who helped me get Sober I feel bad he became an #Hpv Carrier WHAT A DIRTY BITH #DidMeSoDirty,0.060082987,0,,
nah everyone has hpv if you are sexually active it s almost a given sorry -,-0.049114123,0,,
HPV is a common infection that can lead to cervical cancer or head and neck cancer I don t know how you get it,0.177332968,0,,
ASOTV I VE got HPV cause my folks were too stupid to know I d whore myself around at 12 or that a vaccine d help me Isn t that right Mom,0.103166342,0,,
bruv hpv vaccines are harsh my arm s still sore after three days,-0.038826775,0,,
Rick Perry by LAW FORCED teenage girls to take Gardasil Why would u support him on ANYTHING,0.278367609,0,,
if continuing to focus on #Gardasil not really even looking for problem,-0.433092445,0,,
RT Vaccine manufacturers have no right to make products that alter human genetics Parents must be told #HPV #vaccines aren t,-0.264459819,0,,
again wanting it to be #Gardasil doesn t make it so And yes bad things do just happen It s that kind of works,-0.072528325,0,,
I get all the freakouts about Gardasil I actually do not support that mandatory vaccination at all,-0.300647676,0,,
RT man these hpv commercials on hulu are stressful af I m just trying to watch seinfeld,-0.301711261,0,,
The is out of its mind Parents of HPV vaccine injured children from around the world are rising up to fight their health agencies,0.025540812,0,,
The US Govt is killing our children 233 HPV vaccine deaths The US Govt owns the Gardasil patent,-0.03589246,0,,
had the cutest butt And he lost it when we both got #HPV from his Ex-Wife,0.099640146,0,,
unethical to leave one group with zero protection v HPV 2 2,-0.722922146,0,,
no You tried to blame #vlp saying it was new and hence explains #hpv vaccines being different I corrected your error not new,-0.49704951,0,,
HPV shots hurt but not to the point where you have to cry And this girl is 26 years old #bigbaby,0.193179891,0,,
you can still attack #GArdasil without this new pet theory shown incorrect,-0.108237788,0,,
someone like that isn t worth tweeting at all I mean she even said HPV VAX is safe nope list of adverseEffects,-0.258253694,0,,
I m all for hoeism but be a safe hoe plz it s all fun and games till u get hpv AIDS syphilis etc,-0.076454222,0,,
RT there are many types of hpv Not about healthy immune system since healthy ppl get disease Depressed immun,0.06348753,0,,
LOL I was just told that I deserve a slut phase I think that is followed by HPV and Herpes and those do not phase out and regret,-0.244419575,0,,
Wondering if it is rude to ask someone if they have HPV,0.008027012,1,,
viruses including HPV in direct competition with Gardasil AND HIV Shkreli s AIDS drug and the common cold why I needed it,0.026583642,1,,
I talked to those who suffered from #HPV infections They don t appreciate kids left unprotected because of false claims,0.060801435,1,,
#cic2016 teenagers TDaP and MenACWY close to goals HPV less than half Varies,0.043089405,1,,
#HPV #vaccines considered differently than other vaccines and lower uptake #AAP 6,0.136869475,1,,
so how is HPV different than any other vaccine after 1986,0.143986702,1,,
the only part in that tweet with scientific backing is beware #RSV danger - which has nothing to do w #hpv,-0.416467845,1,,
we have HPV,0.139347076,1,,
Next on My58 why the HPV Vaccine may not protect everyone equally,-0.087202474,1,,
RT No risk contracting sex transmitted #HPV in classroom yet states continue 2 attempt 2 mandate #gardasil 4 school attendan,-0.265011579,1,,
do you have any evidence of HPV vaccines actually causing deaths,-0.094976991,1,,
is that everything Do you have access to HPV testing in UK The Pap test can and does miss adenocarcinoma of the cervix,0.125405535,1,,
At the end of the day condoms won t protect against herpes or HPV during PIV sex either if there s an outbreak #CalOsha,-0.008890603,1,,
Also to remind folks that as a civilian I cannot persuade STI testing facilities to test me for herpes or HPV #calosha,0.052418884,1,,
52 of ppl in their lifetime contract an STI Just by kissing someone you can get HPV Watch out who you be messing around w peeps PYSH101,0.082212813,1,,
did he also tell you that he has HPV or that he s adopted,-0.070679307,1,,
I how my mom says she didn t let me get the hpv shot cuz she was sparing me but guess who has hpv bc I didn t get it thx,0.269766986,1,,
Getting my HPV shot,0.429751694,1,,
That s why Californian gays shouldn t move to Texas You ll get HPV kiddingggg,0.111584835,1,,
that is a drop in the bucket vs what women spend on birth control hpv vaccines feminine products gynecologists and abortions,-0.072156429,1,,
RT Trump s VP Mike Pence voted against the HPV vaccine mandate Clinton s VP Tim Kaine signed HPV vaccine mandate into law,-0.004648282,1,,
They had the HPV set up for girls to get their physical encouraged to talk about with their friends,0.12183392,1,,
1blessedbee #HPV does not cause california but does cancer,0.057609461,1,,
If I wasn t a dog mom I d definitely have hpv by now,0.240532398,1,,
it s a tumor or HPV wart man,0.048112549,1,,
HPV IN THA HOUSE #TheBachelor #BachelorNation #BachelorMonday,0.095775299,1,,
what s HPV,0.047519978,1,,
Every commercial now on Bravo is for the HPV vaccine for 12 year olds,0.260126233,1,,
#vfvcall types of vaccines and HPV - 2 4 9 Adding in 5 types - smaller benefit but boosts vaccine effectiveness up,0.199045271,1,,
I have to get my second hpv shot,0.214055568,1,,
RT And all death happens one way heart stops What s your point VAERS has 7 cases myocarditis after #Gardasil 1 d,0.13132973,1,,
RT #HPV causes multiple cancer types in men penile anal head neck #CS16,-0.005835277,1,,
Outcomes for girls without HPV vaccination in Japan - A risk calculation has been conducted on the influence of the temporary suspension of,0.141891867,1,,
Parent why we give #HPV vaccine this early They are not active yet Answer we want to protect them BEFORE they become active,0.036091398,1,,
Black women Ask your doctor which HPV strains the vaccines guard against Then ask him which HPV strains are most harmful to black women,0.020151421,1,,
RT #DYK that #HPV is the most common #STI For a #gynecology check-up with us call 973 291-2052 #NJ,0.022640493,1,,
As far as the uncurable ones are concerned have you ever had a herpes or HPV scare I know HPV and herpes are the most common,0.281337768,1,,
prevalence of no other high risk strains increased The study shows #HPV #vaccineswork,0.110249959,1,,
Learn from me I m an ugly ginger with hpv more mental disorders than you and used to be depressed but learned how to be happy,0.212617368,1,,
I can only imagine what went thru my son s Dad s mind when he told him yesterday he got an HIV shot I quickly corrected him to HPV,0.705187559,1,,
Evidence based messages important in #HPV #vaccines acceptance A It s cancer related #aap16,0.111251347,1,,
Burden of cancer higher in women but high in both - over 30 000 #HPV cancers a year 2008-2012 #vaccines #AAP16,0.184490323,1,,
you do realize they issued a clarification and a statement supporting Gardasil on their Facebook page,-0.243597597,1,,
no May be more well known in anti #HPV vax community than outside,0.206263065,1,,
Data for most #HPV types protection higher for 9-14 year old than 16-26 Non inferior for all type #aap16 #vaccines,-0.008783945,1,,
better in your dreams than in real life man too much HPV and what not,0.157667756,1,,
RT Powerful #HPV video from #cervicalcancer survivors and family playing at opening session for #2016NIC,0.389402837,1,,
for me as long as HPV prevailed I m good But I ll support a recount if majority would prefer,-0.263769209,1,,
used this link to get the word out about HPV to gay men HIV AIDS and anal throat cancer in Palm Springs,0.377466917,1,,
RT CDCgov Twin66 Correct but all vaccines are given long before exposure might happen and #HPV vax protects best when given at 11-12 year,0.045504533,1,,
It s just a matter of time before mainstream media declares HPV vaccine injury CRPS POTS have always been with us Better diagnosis,0.24064371,1,,
my grandma has hpv so you can get it from just touching people but you can also get it from sex and I was like grandma what that mouth do,0.22152409,1,,
Whether it s safe needle exchange contraception for teens HPV vaccine drug legalization etc,0.076495901,1,,
Very important to be able to answer parents questions and take time to do so on #HPV vaccines #VFVcall,0.16449067,1,,
can they win though Bc 49 cases against HPV won in US,0.043704167,1,,
Great let s move Then let s discuss insurance coverage for those of us who are 26 but had Ncrit partners #HPV #healthcareFAIL,0.170556262,1,,
In Spain regarding the HPV vaccine July 30 the Judge decided to open criminal proceedings and investigation of the facts We support you,0.210924849,2,,
vaccine prevents infection harm so w it not everyone gets HPV,0.035872534,2,,
Made an appt for my annual gyn check up HPV shots called my insurance company and emailed financial aid this morning I feel productive,0.300548792,2,,
also vlp technology less likely to harm than the previous more refined #HPV,0.083086118,2,,
thank you for your reply I read UK may be going to HPV test as primary in future I agree with you need to lower the age,0.255827278,2,,
RT Sweden had a campain to get everyone up to age 26 have the HPV-vaccine for free lucky for me I was still young enough to get i,0.123983726,2,,
RT The #HPV vaccine provides protection against HPV types that are known to cause certain types of cancers #CS16,0.22253564,2,,
I m kind of glad got HPV because I m sure he s gonna kick its ass so bad nobody is gonna get it again #TigerBlood,0.053476371,2,,
The First Global HPV Advocacy Symposium at AutismOne 2016 with SaneVax is shaping up nicely World-renowned presenters Details coming,0.537159324,2,,
RT DYK that most sexually active people will get #HPV The HPV vaccine protects against many cancers caused by HPV,-0.082816564,2,,
RT run like Hell So telling that #astroturf story about success of HPV vax in in eve,0.026774287,2,,
RT Thanks in part to #NIH research there are now vaccines that protect against some types of HPV that cause most cervical cancers,0.123305812,2,,
and that everyone has HPV hand waving like it can t give us uterus-havers cancer Cool,0.201736555,2,,
HPV infections are very harmful Data show HPV vaccines safe effective v them,-0.382971257,2,,
anyway people with herpes and or hpv I love you literal warts and all you re ok 3,0.17825444,2,,
RT your HPV positive dick I m good lol bye,0.403598845,2,,
Loved your scope You are awesome Hey you got jokes Hilarious Love it #Periscope Opening HPV Auction items,0.820943415,2,,
#VFVcall very good data on #HPV vaccines safety - very confident,0.324681133,2,,
every time I read your Twitter name I think it says HPV lol,0.366538346,2,,